"Status","Start Time","Stop Time","Duration in ms","Parent Suite","Suite","Sub Suite","Test Class","Test Method","Name","Description"
"passed","Sun Aug 15 14:32:23 GMT 2021","Sun Aug 15 14:32:26 GMT 2021","3199","testproject","test_logout","TestLogout","","","test_logout",""
"passed","Sun Aug 15 14:33:46 GMT 2021","Sun Aug 15 14:33:49 GMT 2021","2512","testproject","test_save_data","TestSaveData","","","test_save_data",""
"passed","Sun Aug 15 14:33:26 GMT 2021","Sun Aug 15 14:33:32 GMT 2021","6145","testproject","test_post","TestPostSuite","","","test_del_post",""
"passed","Sun Aug 15 14:32:10 GMT 2021","Sun Aug 15 14:32:15 GMT 2021","4697","testproject","test_login","TestDefaultSuite","","","test_login",""
"passed","Sun Aug 15 14:32:07 GMT 2021","Sun Aug 15 14:32:07 GMT 2021","149","testproject","test_listing_data","TestListingData","","","test_listing_data",""
"passed","Sun Aug 15 14:32:47 GMT 2021","Sun Aug 15 14:33:00 GMT 2021","12812","testproject","test_post","TestPostSuite","","","test_new_post",""
"passed","Sun Aug 15 14:33:35 GMT 2021","Sun Aug 15 14:33:38 GMT 2021","2909","testproject","test_registration_ntest5","TestRegistration","","","test_registration",""
"passed","Sun Aug 15 14:31:46 GMT 2021","Sun Aug 15 14:31:59 GMT 2021","13012","testproject","test_cookies","TestCookies","","","test_cookies_accept",""
"passed","Sun Aug 15 14:33:06 GMT 2021","Sun Aug 15 14:33:20 GMT 2021","13596","testproject","test_post","TestPostSuite","","","test_edit_post",""
"passed","Sun Aug 15 14:32:34 GMT 2021","Sun Aug 15 14:32:41 GMT 2021","7227","testproject","test_multiple_pages","TestMultiplePages","","","test_multiple_pages",""
